{
    "relu": {
        "adam": {
            "1": [
                86.97,
                88.5,
                89.25999999999999,
                89.52,
                88.29,
                89.48,
                88.47,
                87.37,
                89.4,
                88.99000000000001
            ],
            "10": [
                90.16999999999999,
                90.36,
                90.78,
                90.63,
                90.52,
                90.28,
                90.27,
                90.28,
                90.64999999999999,
                90.24
            ],
            "100": [
                90.34,
                90.73,
                90.3,
                90.62,
                90.49000000000001,
                90.4,
                90.47,
                90.56,
                90.46,
                90.45
            ]
        },
        "sgd": {
            "1": [
                88.13,
                86.37,
                83.38,
                86.25,
                85.84,
                88.03,
                86.63,
                87.96000000000001,
                87.64999999999999,
                88.06
            ],
            "10": [
                88.83,
                88.72,
                88.86,
                88.85,
                88.79,
                88.83,
                88.83,
                88.85,
                89.01,
                88.73
            ],
            "100": [
                89.02,
                88.97,
                89.03999999999999,
                89.0,
                88.99000000000001,
                89.01,
                88.97,
                89.0,
                89.03999999999999,
                88.99000000000001
            ]
        }
    }
}