{
    "relu": {
        "adam": [
            87.49,
            89.8,
            90.79
        ],
        "sgd": [
            90.86999999999999,
            91.25999999999999,
            91.14
        ]
    },
    "selu": {
        "adam": [
            87.53999999999999,
            89.97,
            91.45
        ],
        "sgd": [
            90.85,
            91.49000000000001,
            91.59
        ]
    },
    "sigmoid": {
        "adam": [
            84.00999999999999,
            87.53999999999999,
            88.36
        ],
        "sgd": [
            88.97,
            89.25,
            89.22
        ]
    }
}